ts;te;td;sa;da;sp;dp;pr;flg;ipkt;ibyt
11/01/13 07:51;01/03/13 23:49;4.294.667.638;10.1.1.10;10.1.1.150;54968;9995;UDP;......;76;37736
11/01/13 07:49;01/03/13 23:51;4.294.956.296;10.1.1.15;77.232.128.123;8080;57284;TCP;.A..S.;2;98
11/01/13 07:49;01/03/13 23:51;4.294.956.296;77.232.128.123;10.1.1.15;57284;8080;TCP;.APRS.;4;240
11/01/13 07:46;01/03/13 23:49;4.294.967.266;10.1.1.10;177.21.244.27;21549;80;TCP;.A..SF;4;186
11/01/13 07:46;01/03/13 23:49;4.294.967.266;177.21.244.27;10.1.1.10;80;21549;TCP;.A..SF;2;88
01/03/13 23:49;01/03/13 23:49;0.000;10.1.1.10;200.19.73.231;3883;12223;UDP;......;1;75
11/01/13 07:46;01/03/13 23:49;4.294.967.146;10.1.1.10;177.21.244.27;35586;80;TCP;.A..SF;4;186
11/01/13 07:46;01/03/13 23:49;4.294.967.146;177.21.244.27;10.1.1.10;80;35586;TCP;.A..SF;3;128
11/01/13 07:46;01/03/13 23:49;4.294.949.564;10.1.1.10;200.19.73.231;41182;5247;UDP;......;2;313
11/01/13 07:46;01/03/13 23:49;4.294.967.268;10.1.1.10;177.21.244.27;35386;80;TCP;.A..SF;4;186
11/01/13 07:46;01/03/13 23:49;4.294.967.268;177.21.244.27;10.1.1.10;80;35386;TCP;.A..SF;2;88
11/01/13 07:49;01/03/13 23:52;4.294.967.252;10.1.1.10;177.126.184.50;44558;443;TCP;.A..SF;3;144
11/01/13 07:49;01/03/13 23:52;4.294.967.252;177.126.184.50;10.1.1.10;443;44558;TCP;.A.RS.;2;88
01/03/13 23:49;01/03/13 23:49;0.000;10.1.1.10;200.19.73.231;16876;12223;UDP;......;1;75
11/01/13 07:46;01/03/13 23:49;4.294.967.266;10.1.1.10;177.21.244.27;43454;80;TCP;.A..SF;4;186
11/01/13 07:46;01/03/13 23:49;4.294.967.266;177.21.244.27;10.1.1.10;80;43454;TCP;.A..SF;2;88
11/01/13 07:46;01/03/13 23:49;4.294.967.267;10.1.1.10;177.21.244.27;51665;80;TCP;.A..SF;4;186
11/01/13 07:46;01/03/13 23:49;4.294.967.267;177.21.244.27;10.1.1.10;80;51665;TCP;.A..SF;2;88
11/01/13 07:46;01/03/13 23:49;4.294.967.149;10.1.1.10;69.171.239.12;21562;53;UDP;......;1;62
11/01/13 07:46;01/03/13 23:49;4.294.967.149;69.171.239.12;10.1.1.10;53;21562;UDP;......;1;153
11/01/13 07:46;01/03/13 23:49;4.294.967.149;10.1.1.10;69.171.239.11;53509;53;UDP;......;1;68
11/01/13 07:46;01/03/13 23:49;4.294.967.149;69.171.239.11;10.1.1.10;53;53509;UDP;......;1;151
11/01/13 07:46;01/03/13 23:49;4.294.963.870;10.1.1.10;173.252.73.52;60295;80;TCP;.AP.SF;6;1316
11/01/13 07:46;01/03/13 23:49;4.294.963.870;173.252.73.52;10.1.1.10;80;60295;TCP;.AP.SF;5;996
11/01/13 07:46;01/03/13 23:49;4.294.956.594;10.1.1.15;77.248.68.51;8080;52237;TCP;.A..SF;3;144
11/01/13 07:46;01/03/13 23:49;4.294.956.594;77.248.68.51;10.1.1.15;52237;8080;TCP;.AP.SF;5;280
11/01/13 07:46;01/03/13 23:49;4.294.967.267;10.1.1.10;177.21.244.27;36362;80;TCP;.A..SF;4;186
11/01/13 07:46;01/03/13 23:49;4.294.967.267;177.21.244.27;10.1.1.10;80;36362;TCP;.A..SF;3;128
11/01/13 07:46;01/03/13 23:49;4.294.958.286;10.1.1.23;200.19.73.188;57181;443;TCP;....S.;3;152
11/01/13 07:46;01/03/13 23:49;4.294.967.267;10.1.1.10;177.21.244.27;14146;80;TCP;.A..SF;4;186
11/01/13 07:46;01/03/13 23:49;4.294.967.267;177.21.244.27;10.1.1.10;80;14146;TCP;.A..SF;3;128
11/01/13 07:46;01/03/13 23:49;4.294.967.268;10.1.1.10;177.21.244.27;36529;80;TCP;.A..SF;4;186
11/01/13 07:46;01/03/13 23:49;4.294.967.268;177.21.244.27;10.1.1.10;80;36529;TCP;.A..SF;2;88
11/01/13 07:46;01/03/13 23:49;4.294.956.909;10.1.1.15;83.40.114.1;8080;63378;TCP;.A..SF;3;144
11/01/13 07:46;01/03/13 23:49;4.294.956.909;83.40.114.1;10.1.1.15;63378;8080;TCP;.AP.SF;5;280
11/01/13 07:51;01/03/13 23:49;4.294.686.617;10.1.1.10;80.79.117.14;26354;5938;TCP;.AP...;13;787
11/01/13 07:51;01/03/13 23:49;4.294.686.617;80.79.117.14;10.1.1.10;5938;26354;TCP;.AP...;8;544
11/01/13 07:46;01/03/13 23:49;4.294.967.266;10.1.1.10;177.21.244.27;32345;80;TCP;.A..SF;4;186
11/01/13 07:46;01/03/13 23:49;4.294.967.266;177.21.244.27;10.1.1.10;80;32345;TCP;.A..SF;2;88
11/01/13 07:46;01/03/13 23:49;4.294.967.267;10.1.1.10;177.21.244.27;31699;80;TCP;.A..SF;4;186
11/01/13 07:46;01/03/13 23:49;4.294.967.267;177.21.244.27;10.1.1.10;80;31699;TCP;.A..SF;2;88
11/01/13 07:46;01/03/13 23:49;4.294.967.266;10.1.1.10;177.21.244.27;46552;80;TCP;.A..SF;4;186
11/01/13 07:46;01/03/13 23:49;4.294.967.266;177.21.244.27;10.1.1.10;80;46552;TCP;.A..SF;2;88
11/01/13 07:46;01/03/13 23:49;4.294.967.150;10.1.1.10;177.21.244.27;51826;80;TCP;.A..SF;4;186
11/01/13 07:46;01/03/13 23:49;4.294.967.150;177.21.244.27;10.1.1.10;80;51826;TCP;.A..SF;2;88
11/01/13 07:46;01/03/13 23:49;4.294.967.267;10.1.1.10;177.21.244.27;58225;80;TCP;.A..SF;4;186
11/01/13 07:46;01/03/13 23:49;4.294.967.267;177.21.244.27;10.1.1.10;80;58225;TCP;.A..SF;2;88
11/01/13 07:46;01/03/13 23:49;4.294.967.267;10.1.1.10;177.21.244.27;36244;80;TCP;.A..SF;4;186
11/01/13 07:46;01/03/13 23:49;4.294.967.267;177.21.244.27;10.1.1.10;80;36244;TCP;.A..SF;2;88
11/01/13 07:51;01/03/13 23:49;4.294.696.291;10.1.1.1;10.1.1.150;1488;9995;UDP;......;44;19612
11/01/13 07:46;01/03/13 23:49;4.294.967.267;10.1.1.10;177.21.244.27;14379;80;TCP;.A..SF;4;186
11/01/13 07:46;01/03/13 23:49;4.294.967.267;177.21.244.27;10.1.1.10;80;14379;TCP;.A..SF;3;128
11/01/13 07:46;01/03/13 23:49;4.294.967.266;10.1.1.10;177.21.244.27;5159;80;TCP;.A..SF;4;186
11/01/13 07:46;01/03/13 23:49;4.294.967.266;177.21.244.27;10.1.1.10;80;5159;TCP;.A..SF;3;128
01/03/13 23:49;01/03/13 23:49;0.000;10.1.1.30;10.1.1.255;138;138;UDP;......;1;242
11/01/13 07:46;01/03/13 23:49;4.294.967.176;10.1.1.11;200.158.71.209;2336;123;UDP;......;1;76
11/01/13 07:46;01/03/13 23:49;4.294.967.176;200.158.71.209;10.1.1.11;123;2336;UDP;......;1;76
11/01/13 07:46;01/03/13 23:49;4.294.967.266;10.1.1.10;177.21.244.27;20645;80;TCP;.A..SF;4;186
11/01/13 07:46;01/03/13 23:49;4.294.967.266;177.21.244.27;10.1.1.10;80;20645;TCP;.A..SF;2;88
11/01/13 07:46;01/03/13 23:49;4.294.960.858;10.1.1.10;72.21.91.19;57845;80;TCP;.AP.SF;6;750
11/01/13 07:46;01/03/13 23:49;4.294.960.858;72.21.91.19;10.1.1.10;80;57845;TCP;.AP.SF;5;879
11/01/13 07:46;01/03/13 23:49;4.294.967.231;10.1.1.10;200.185.6.163;29764;53;UDP;......;1;64
11/01/13 07:46;01/03/13 23:49;4.294.967.231;200.185.6.163;10.1.1.10;53;29764;UDP;......;1;307
11/01/13 07:46;01/03/13 23:49;4.294.967.283;10.1.1.10;187.59.4.159;27694;53;UDP;......;1;64
11/01/13 07:46;01/03/13 23:49;4.294.967.283;187.59.4.159;10.1.1.10;53;27694;UDP;......;1;96
11/01/13 07:48;01/03/13 23:49;4.294.852.501;10.1.1.10;177.21.240.10;12722;80;TCP;.AP.SF;6;675
11/01/13 07:48;01/03/13 23:49;4.294.852.501;177.21.240.10;10.1.1.10;80;12722;TCP;.AP.SF;4;917
11/01/13 07:46;01/03/13 23:49;4.294.967.169;10.1.1.10;208.78.70.14;22903;53;UDP;......;1;69
11/01/13 07:46;01/03/13 23:49;4.294.967.169;208.78.70.14;10.1.1.10;53;22903;UDP;......;1;171
11/01/13 07:46;01/03/13 23:49;4.294.966.804;10.1.1.10;184.72.194.91;38341;80;TCP;.AP.SF;5;751
11/01/13 07:46;01/03/13 23:49;4.294.966.804;184.72.194.91;10.1.1.10;80;38341;TCP;.A..SF;4;274
11/01/13 07:46;01/03/13 23:49;4.294.967.268;10.1.1.10;177.21.244.27;61112;80;TCP;.A..SF;4;186
11/01/13 07:46;01/03/13 23:49;4.294.967.268;177.21.244.27;10.1.1.10;80;61112;TCP;.A..SF;2;88
11/01/13 07:46;01/03/13 23:49;4.294.967.294;10.1.1.10;23.44.84.42;21494;443;TCP;.A....;1;46
11/01/13 07:46;01/03/13 23:49;4.294.967.294;23.44.84.42;10.1.1.10;443;21494;TCP;.AP..F;2;117
11/01/13 07:46;01/03/13 23:49;4.294.967.265;10.1.1.10;177.21.244.27;23813;80;TCP;.A..SF;4;186
11/01/13 07:46;01/03/13 23:49;4.294.967.265;177.21.244.27;10.1.1.10;80;23813;TCP;.A..SF;3;128
11/01/13 07:46;01/03/13 23:49;4.294.967.267;10.1.1.10;177.21.244.27;47941;80;TCP;.A..SF;4;186
11/01/13 07:46;01/03/13 23:49;4.294.967.267;177.21.244.27;10.1.1.10;80;47941;TCP;.A..SF;2;88
11/01/13 07:47;01/03/13 23:49;4.294.956.890;10.1.1.15;187.171.168.51;8080;59271;TCP;.A..SF;4;190
11/01/13 07:47;01/03/13 23:49;4.294.956.890;187.171.168.51;10.1.1.15;59271;8080;TCP;.AP.SF;5;280
11/01/13 07:46;01/03/13 23:49;4.294.967.147;10.1.1.10;177.21.244.27;35669;80;TCP;.A..SF;4;186
11/01/13 07:46;01/03/13 23:49;4.294.967.147;177.21.244.27;10.1.1.10;80;35669;TCP;.A..SF;2;88
11/01/13 07:46;01/03/13 23:49;4.294.967.268;10.1.1.10;177.21.244.27;9018;80;TCP;.A..SF;4;186
11/01/13 07:46;01/03/13 23:49;4.294.967.268;177.21.244.27;10.1.1.10;80;9018;TCP;.A..SF;2;88
11/01/13 07:47;01/03/13 23:49;4.294.967.267;10.1.1.10;177.21.244.27;56068;80;TCP;.A..SF;4;186
11/01/13 07:47;01/03/13 23:49;4.294.967.267;177.21.244.27;10.1.1.10;80;56068;TCP;.A..SF;2;88
11/01/13 07:52;01/03/13 23:49;4.294.667.921;10.1.1.121;10.1.1.1;0;2048;ICMP;......;299;19136
11/01/13 07:52;01/03/13 23:49;4.294.668.921;10.1.1.1;10.1.1.121;0;0;ICMP;......;298;19072
11/01/13 07:52;01/03/13 23:49;4.294.668.967;10.1.1.10;10.1.1.1;0;2048;ICMP;......;299;19136
11/01/13 07:52;01/03/13 23:49;4.294.668.967;10.1.1.1;10.1.1.10;0;0;ICMP;......;299;19136
11/01/13 07:47;01/03/13 23:49;4.294.967.267;10.1.1.10;177.21.244.27;50471;80;TCP;.A..SF;4;186
11/01/13 07:47;01/03/13 23:49;4.294.967.267;177.21.244.27;10.1.1.10;80;50471;TCP;.A..SF;2;88
11/01/13 07:51;01/03/13 23:49;4.294.671.481;10.1.1.10;200.19.73.231;23696;5246;UDP;......;37;9091
11/01/13 07:51;01/03/13 23:49;4.294.671.481;200.19.73.231;10.1.1.10;5246;23696;UDP;......;37;4337
11/01/13 07:47;01/03/13 23:49;4.294.967.267;10.1.1.10;177.21.244.27;48166;80;TCP;.A..SF;4;186
11/01/13 07:47;01/03/13 23:49;4.294.967.267;177.21.244.27;10.1.1.10;80;48166;TCP;.A..SF;2;88
01/03/13 23:52;01/03/13 23:52;0.000;10.1.1.15;177.3.68.5;8080;51560;TCP;...R..;1;46
01/03/13 23:52;01/03/13 23:52;0.000;177.3.68.5;10.1.1.15;51560;8080;TCP;.A...F;1;40
11/01/13 07:47;01/03/13 23:49;4.294.967.265;10.1.1.10;177.21.244.27;25822;80;TCP;.A..SF;4;186
11/01/13 07:47;01/03/13 23:49;4.294.967.265;177.21.244.27;10.1.1.10;80;25822;TCP;.A..SF;3;128
11/01/13 07:50;01/03/13 23:49;4.294.750.940;10.1.1.10;187.49.33.11;43493;123;UDP;......;2;152
11/01/13 07:50;01/03/13 23:49;4.294.750.940;187.49.33.11;10.1.1.10;123;43493;UDP;......;2;152
11/01/13 07:47;01/03/13 23:49;4.294.967.275;10.1.1.10;216.239.32.10;9406;53;UDP;......;1;64
11/01/13 07:47;01/03/13 23:49;4.294.967.275;216.239.32.10;10.1.1.10;53;9406;UDP;......;1;320
11/01/13 07:47;01/03/13 23:49;4.294.967.146;10.1.1.10;177.21.244.27;54998;80;TCP;.A..SF;4;186
11/01/13 07:47;01/03/13 23:49;4.294.967.146;177.21.244.27;10.1.1.10;80;54998;TCP;.A..SF;2;88
11/01/13 07:47;01/03/13 23:49;4.294.967.266;10.1.1.10;177.21.244.27;20607;80;TCP;.A..SF;4;186
11/01/13 07:47;01/03/13 23:49;4.294.967.266;177.21.244.27;10.1.1.10;80;20607;TCP;.A..SF;3;128
11/01/13 07:47;01/03/13 23:50;4.294.967.268;10.1.1.10;177.21.244.27;27692;80;TCP;.A..SF;4;186
11/01/13 07:47;01/03/13 23:50;4.294.967.268;177.21.244.27;10.1.1.10;80;27692;TCP;.A..SF;2;88
11/01/13 07:47;01/03/13 23:50;4.294.967.276;10.1.1.1;10.1.1.11;53;28789;UDP;......;1;94
11/01/13 07:47;01/03/13 23:50;4.294.967.276;10.1.1.11;10.1.1.1;28789;53;UDP;......;1;62
11/01/13 07:47;01/03/13 23:50;4.294.967.275;10.1.1.1;10.1.1.11;53;62162;UDP;......;1;94
11/01/13 07:47;01/03/13 23:50;4.294.967.275;10.1.1.11;10.1.1.1;62162;53;UDP;......;1;62
11/01/13 07:52;01/03/13 23:50;4.294.656.400;10.1.1.10;65.54.50.169;59118;80;TCP;.AP...;18;20133
11/01/13 07:52;01/03/13 23:50;4.294.656.400;65.54.50.169;10.1.1.10;80;59118;TCP;.AP...;18;2229
11/01/13 07:52;01/03/13 23:50;4.294.667.261;10.1.1.1;10.1.1.140;57595;9995;UDP;......;49;22088
11/01/13 07:52;01/03/13 23:50;4.294.667.259;10.1.1.140;10.1.1.1;0;771;ICMP;......;43;21172
11/01/13 07:48;01/03/13 23:50;4.294.861.440;10.1.1.10;200.19.73.231;57849;5247;UDP;......;5;1201
11/01/13 07:47;01/03/13 23:50;4.294.967.266;10.1.1.10;177.21.244.27;12864;80;TCP;.A..SF;4;186
11/01/13 07:47;01/03/13 23:50;4.294.967.266;177.21.244.27;10.1.1.10;80;12864;TCP;.A..SF;2;88
11/01/13 07:47;01/03/13 23:50;4.294.967.266;10.1.1.10;177.21.244.27;15943;80;TCP;.A..SF;4;186
11/01/13 07:47;01/03/13 23:50;4.294.967.266;177.21.244.27;10.1.1.10;80;15943;TCP;.A..SF;2;88
11/01/13 07:47;01/03/13 23:50;4.294.967.140;10.1.1.10;177.21.244.27;15386;80;TCP;.A..SF;4;186
11/01/13 07:47;01/03/13 23:50;4.294.967.140;177.21.244.27;10.1.1.10;80;15386;TCP;.A..SF;2;88
11/01/13 07:47;01/03/13 23:50;4.294.967.266;10.1.1.10;177.21.244.27;24240;80;TCP;.A..SF;4;186
11/01/13 07:47;01/03/13 23:50;4.294.967.266;177.21.244.27;10.1.1.10;80;24240;TCP;.A..SF;3;128
11/01/13 07:47;01/03/13 23:50;4.294.967.266;10.1.1.10;177.21.244.27;47677;80;TCP;.A..SF;4;186
11/01/13 07:47;01/03/13 23:50;4.294.967.266;177.21.244.27;10.1.1.10;80;47677;TCP;.A..SF;3;128
11/01/13 07:47;01/03/13 23:50;4.294.957.247;10.1.1.15;189.26.167.140;8080;56032;TCP;.AP.SF;24;20092
11/01/13 07:47;01/03/13 23:50;4.294.957.247;189.26.167.140;10.1.1.15;56032;8080;TCP;.AP.SF;16;3857
11/01/13 07:47;01/03/13 23:50;4.294.957.202;10.1.1.15;189.26.167.140;8080;56033;TCP;.A..SF;3;150
11/01/13 07:47;01/03/13 23:50;4.294.957.202;189.26.167.140;10.1.1.15;56033;8080;TCP;.A..SF;5;224
11/01/13 07:47;01/03/13 23:50;4.294.967.267;10.1.1.10;177.21.244.27;50903;80;TCP;.A..SF;4;186
11/01/13 07:47;01/03/13 23:50;4.294.967.267;177.21.244.27;10.1.1.10;80;50903;TCP;.A..SF;2;88
11/01/13 07:47;01/03/13 23:50;4.294.967.276;10.1.1.10;193.108.88.194;3179;53;UDP;......;1;68
11/01/13 07:47;01/03/13 23:50;4.294.967.276;193.108.88.194;10.1.1.10;53;3179;UDP;......;1;84
11/01/13 07:47;01/03/13 23:50;4.294.966.753;10.1.1.10;23.44.84.42;47844;443;TCP;.AP.S.;8;951
11/01/13 07:47;01/03/13 23:50;4.294.966.753;23.44.84.42;10.1.1.10;443;47844;TCP;.AP.S.;9;5916
11/01/13 07:47;01/03/13 23:50;4.294.966.903;10.1.1.10;23.44.84.42;8001;443;TCP;.AP.S.;14;1195
11/01/13 07:47;01/03/13 23:50;4.294.966.903;23.44.84.42;10.1.1.10;443;8001;TCP;.AP.S.;20;24174
11/01/13 07:47;01/03/13 23:50;4.294.966.789;10.1.1.10;23.44.84.42;39948;443;TCP;.AP.S.;8;951
11/01/13 07:47;01/03/13 23:50;4.294.966.789;23.44.84.42;10.1.1.10;443;39948;TCP;.AP.S.;9;5916
11/01/13 07:47;01/03/13 23:50;4.294.967.266;10.1.1.10;177.21.244.27;40505;80;TCP;.A..SF;4;186
11/01/13 07:47;01/03/13 23:50;4.294.967.266;177.21.244.27;10.1.1.10;80;40505;TCP;.A..SF;2;88
11/01/13 07:47;01/03/13 23:50;4.294.967.265;10.1.1.10;177.21.244.27;2754;80;TCP;.A..SF;4;186
11/01/13 07:47;01/03/13 23:50;4.294.967.265;177.21.244.27;10.1.1.10;80;2754;TCP;.A..SF;3;128
11/01/13 07:47;01/03/13 23:50;4.294.967.138;10.1.1.10;177.21.244.27;23571;80;TCP;.A..SF;4;186
11/01/13 07:47;01/03/13 23:50;4.294.967.138;177.21.244.27;10.1.1.10;80;23571;TCP;.A..SF;3;128
11/01/13 07:47;01/03/13 23:50;4.294.967.266;10.1.1.10;177.21.244.27;35489;80;TCP;.A..SF;4;186
11/01/13 07:47;01/03/13 23:50;4.294.967.266;177.21.244.27;10.1.1.10;80;35489;TCP;.A..SF;3;128
11/01/13 07:47;01/03/13 23:50;4.294.957.635;10.1.1.15;189.26.167.140;8080;56036;TCP;.AP.SF;24;24592
11/01/13 07:47;01/03/13 23:50;4.294.957.635;189.26.167.140;10.1.1.15;56036;8080;TCP;.AP.SF;17;2292
11/01/13 07:47;01/03/13 23:50;4.294.967.267;10.1.1.10;177.21.244.27;64618;80;TCP;.A..SF;4;186
11/01/13 07:47;01/03/13 23:50;4.294.967.267;177.21.244.27;10.1.1.10;80;64618;TCP;.A..SF;3;128
11/01/13 07:52;01/03/13 23:50;4.294.654.232;10.1.1.1;10.1.1.11;0;0;ICMP;......;314;20096
11/01/13 07:52;01/03/13 23:50;4.294.655.232;10.1.1.11;10.1.1.1;0;2048;ICMP;......;313;20032
11/01/13 07:47;01/03/13 23:50;4.294.967.267;10.1.1.10;177.21.244.27;63012;80;TCP;.A..SF;4;186
11/01/13 07:47;01/03/13 23:50;4.294.967.267;177.21.244.27;10.1.1.10;80;63012;TCP;.A..SF;2;88
11/01/13 07:47;01/03/13 23:50;4.294.967.267;10.1.1.10;177.21.244.27;46768;80;TCP;.A..SF;4;186
11/01/13 07:47;01/03/13 23:50;4.294.967.267;177.21.244.27;10.1.1.10;80;46768;TCP;.A..SF;2;88
11/01/13 07:47;01/03/13 23:50;4.294.967.294;10.1.1.10;23.44.84.42;32766;443;TCP;.A....;1;46
11/01/13 07:47;01/03/13 23:50;4.294.967.294;23.44.84.42;10.1.1.10;443;32766;TCP;.AP..F;2;117
11/01/13 07:47;01/03/13 23:50;4.294.967.294;10.1.1.10;184.24.68.42;53204;443;TCP;.A....;1;46
11/01/13 07:47;01/03/13 23:50;4.294.967.294;184.24.68.42;10.1.1.10;443;53204;TCP;.AP..F;2;117
01/03/13 23:50;01/03/13 23:50;0.000;10.1.1.111;10.1.1.255;138;138;UDP;......;1;229
11/01/13 07:47;01/03/13 23:50;4.294.967.266;10.1.1.10;177.21.244.27;9099;80;TCP;.A..SF;4;186
11/01/13 07:47;01/03/13 23:50;4.294.967.266;177.21.244.27;10.1.1.10;80;9099;TCP;.A..SF;3;128
11/01/13 07:47;01/03/13 23:50;4.294.967.146;10.1.1.10;177.21.244.27;6440;80;TCP;.A..SF;4;186
11/01/13 07:47;01/03/13 23:50;4.294.967.146;177.21.244.27;10.1.1.10;80;6440;TCP;.A..SF;2;88
01/03/13 23:50;01/03/13 23:50;0.000;10.1.1.23;10.1.1.255;138;138;UDP;......;1;229
11/01/13 07:47;01/03/13 23:50;4.294.967.268;10.1.1.10;177.21.244.27;9486;80;TCP;.A..SF;4;186
11/01/13 07:47;01/03/13 23:50;4.294.967.268;177.21.244.27;10.1.1.10;80;9486;TCP;.A..SF;2;88
11/01/13 07:47;01/03/13 23:50;4.294.959.363;10.1.1.15;189.26.167.140;8080;56037;TCP;.AP.SF;12;9568
11/01/13 07:47;01/03/13 23:50;4.294.959.363;189.26.167.140;10.1.1.15;56037;8080;TCP;.AP.SF;10;1502
11/01/13 07:47;01/03/13 23:50;4.294.967.268;10.1.1.10;177.21.244.27;63169;80;TCP;.A..SF;4;186
11/01/13 07:47;01/03/13 23:50;4.294.967.268;177.21.244.27;10.1.1.10;80;63169;TCP;.A..SF;2;88
11/01/13 07:50;01/03/13 23:53;4.294.950.855;10.1.1.15;187.187.141.237;8080;52137;TCP;.A..S.;2;98
11/01/13 07:50;01/03/13 23:53;4.294.950.855;187.187.141.237;10.1.1.15;52137;8080;TCP;.APRS.;4;613
11/01/13 07:47;01/03/13 23:50;4.294.967.265;10.1.1.10;177.21.244.27;20876;80;TCP;.A..SF;4;186
11/01/13 07:47;01/03/13 23:50;4.294.967.265;177.21.244.27;10.1.1.10;80;20876;TCP;.A..SF;3;128
11/01/13 07:47;01/03/13 23:50;4.294.967.265;10.1.1.10;177.21.244.27;48156;80;TCP;.A..SF;4;186
11/01/13 07:47;01/03/13 23:50;4.294.967.265;177.21.244.27;10.1.1.10;80;48156;TCP;.A..SF;2;88
11/01/13 07:47;01/03/13 23:50;4.294.967.258;10.1.1.29;187.49.33.11;123;123;UDP;......;1;76
11/01/13 07:47;01/03/13 23:50;4.294.967.258;187.49.33.11;10.1.1.29;123;123;UDP;......;1;76
11/01/13 07:47;01/03/13 23:50;4.294.967.265;10.1.1.10;177.21.244.27;19443;80;TCP;.A..SF;4;186
11/01/13 07:47;01/03/13 23:50;4.294.967.265;177.21.244.27;10.1.1.10;80;19443;TCP;.A..SF;3;128
11/01/13 07:47;01/03/13 23:50;4.294.967.139;10.1.1.10;177.21.244.27;29768;80;TCP;.A..SF;4;186
11/01/13 07:47;01/03/13 23:50;4.294.967.139;177.21.244.27;10.1.1.10;80;29768;TCP;.A..SF;2;88
11/01/13 07:47;01/03/13 23:50;4.294.967.267;10.1.1.10;177.21.244.27;5513;80;TCP;.A..SF;4;186
11/01/13 07:47;01/03/13 23:50;4.294.967.267;177.21.244.27;10.1.1.10;80;5513;TCP;.A..SF;2;88
11/01/13 07:52;01/03/13 23:50;4.294.669.138;10.1.1.10;200.19.73.231;10546;5246;UDP;......;36;7815
11/01/13 07:52;01/03/13 23:50;4.294.669.138;200.19.73.231;10.1.1.10;5246;10546;UDP;......;36;4356
11/01/13 07:48;01/03/13 23:50;4.294.940.449;10.1.1.15;187.59.48.42;8080;56831;TCP;.AP.SF;21;17579
11/01/13 07:48;01/03/13 23:50;4.294.940.449;187.59.48.42;10.1.1.15;56831;8080;TCP;.AP.SF;15;3602
11/01/13 07:48;01/03/13 23:50;4.294.940.175;10.1.1.15;187.59.48.42;8080;56834;TCP;.AP.SF;7;2772
11/01/13 07:48;01/03/13 23:50;4.294.940.175;187.59.48.42;10.1.1.15;56834;8080;TCP;.AP.SF;7;894
11/01/13 07:48;01/03/13 23:50;4.294.951.571;10.1.1.15;187.59.48.42;8080;56835;TCP;.A..SF;3;172
11/01/13 07:48;01/03/13 23:50;4.294.951.571;187.59.48.42;10.1.1.15;56835;8080;TCP;.A..SF;5;280
11/01/13 07:47;01/03/13 23:50;4.294.967.267;10.1.1.10;177.21.244.27;64980;80;TCP;.A..SF;4;186
11/01/13 07:47;01/03/13 23:50;4.294.967.267;177.21.244.27;10.1.1.10;80;64980;TCP;.A..SF;3;128
11/01/13 07:48;01/03/13 23:50;4.294.967.268;10.1.1.10;177.21.244.27;59871;80;TCP;.A..SF;4;186
11/01/13 07:48;01/03/13 23:50;4.294.967.268;177.21.244.27;10.1.1.10;80;59871;TCP;.A..SF;2;88
11/01/13 07:48;01/03/13 23:50;4.294.941.989;10.1.1.15;187.59.48.42;8080;56832;TCP;.A..SF;4;224
11/01/13 07:48;01/03/13 23:50;4.294.941.989;187.59.48.42;10.1.1.15;56832;8080;TCP;.A..SF;5;280
11/01/13 07:48;01/03/13 23:50;4.294.941.990;10.1.1.15;187.59.48.42;8080;56833;TCP;.A..SF;4;224
11/01/13 07:48;01/03/13 23:50;4.294.941.990;187.59.48.42;10.1.1.15;56833;8080;TCP;.A..SF;5;280
11/01/13 07:48;01/03/13 23:50;4.294.941.958;10.1.1.15;187.59.48.42;8080;56836;TCP;.A..SF;4;224
11/01/13 07:48;01/03/13 23:50;4.294.941.958;187.59.48.42;10.1.1.15;56836;8080;TCP;.A..SF;5;280
11/01/13 07:48;01/03/13 23:50;4.294.917.258;10.1.1.10;200.19.73.231;60104;5247;UDP;......;5;1167
11/01/13 07:48;01/03/13 23:50;4.294.967.265;10.1.1.10;177.21.244.27;1996;80;TCP;.A..SF;4;186
11/01/13 07:48;01/03/13 23:50;4.294.967.265;177.21.244.27;10.1.1.10;80;1996;TCP;.A..SF;2;88
11/01/13 07:48;01/03/13 23:50;4.294.967.267;10.1.1.10;177.21.244.27;1115;80;TCP;.A..SF;4;186
11/01/13 07:48;01/03/13 23:50;4.294.967.267;177.21.244.27;10.1.1.10;80;1115;TCP;.A..SF;2;88
11/01/13 07:48;01/03/13 23:50;4.294.967.146;10.1.1.10;177.21.244.27;54130;80;TCP;.A..SF;4;186
11/01/13 07:48;01/03/13 23:50;4.294.967.146;177.21.244.27;10.1.1.10;80;54130;TCP;.A..SF;2;88
11/01/13 07:48;01/03/13 23:50;4.294.966.633;10.1.1.15;187.171.168.51;8080;51318;TCP;.AP.SF;5;543
11/01/13 07:48;01/03/13 23:50;4.294.966.633;187.171.168.51;10.1.1.15;51318;8080;TCP;.AP.SF;5;742
11/01/13 07:48;01/03/13 23:50;4.294.967.268;10.1.1.10;177.21.244.27;13488;80;TCP;.A..SF;4;186
11/01/13 07:48;01/03/13 23:50;4.294.967.268;177.21.244.27;10.1.1.10;80;13488;TCP;.A..SF;2;88
11/01/13 07:48;01/03/13 23:50;4.294.967.267;10.1.1.10;177.21.244.27;38639;80;TCP;.A..SF;4;186
11/01/13 07:48;01/03/13 23:50;4.294.967.267;177.21.244.27;10.1.1.10;80;38639;TCP;.A..SF;3;128
11/01/13 07:48;01/03/13 23:51;4.294.967.268;10.1.1.10;177.21.244.27;21677;80;TCP;.A..SF;4;186
11/01/13 07:48;01/03/13 23:51;4.294.967.268;177.21.244.27;10.1.1.10;80;21677;TCP;.A..SF;2;88
11/01/13 07:48;01/03/13 23:51;4.294.967.282;10.1.1.10;187.59.4.155;40423;53;UDP;......;1;68
11/01/13 07:48;01/03/13 23:51;4.294.967.282;187.59.4.155;10.1.1.10;53;40423;UDP;......;1;84
11/01/13 07:48;01/03/13 23:51;4.294.966.767;10.1.1.10;23.44.84.42;24318;443;TCP;.AP.S.;8;947
11/01/13 07:48;01/03/13 23:51;4.294.966.767;23.44.84.42;10.1.1.10;443;24318;TCP;.AP.S.;9;5912
11/01/13 07:53;01/03/13 23:51;4.294.666.947;10.1.1.10;200.134.31.2;13923;5060;UDP;......;11;3597
11/01/13 07:53;01/03/13 23:51;4.294.666.947;200.134.31.2;10.1.1.10;5060;13923;UDP;......;11;3388
01/03/13 23:51;01/03/13 23:51;0.000;10.1.1.10;200.144.121.33;40054;123;UDP;......;1;76
11/01/13 07:48;01/03/13 23:51;4.294.967.293;10.1.1.10;184.24.68.42;55124;443;TCP;.A....;1;46
11/01/13 07:48;01/03/13 23:51;4.294.967.293;184.24.68.42;10.1.1.10;443;55124;TCP;.AP..F;2;117
11/01/13 07:48;01/03/13 23:51;4.294.967.265;10.1.1.10;177.21.244.27;17736;80;TCP;.A..SF;4;186
11/01/13 07:48;01/03/13 23:51;4.294.967.265;177.21.244.27;10.1.1.10;80;17736;TCP;.A..SF;2;88
01/03/13 23:51;01/03/13 23:51;0.000;10.1.1.10;200.19.73.231;41544;12223;UDP;......;1;75
11/01/13 07:48;01/03/13 23:51;4.294.967.293;10.1.1.10;184.24.68.42;3627;443;TCP;.A....;1;46
11/01/13 07:48;01/03/13 23:51;4.294.967.293;184.24.68.42;10.1.1.10;443;3627;TCP;.AP..F;2;117
11/01/13 07:48;01/03/13 23:51;4.294.967.293;10.1.1.10;184.24.68.42;32146;443;TCP;.A....;1;46
11/01/13 07:48;01/03/13 23:51;4.294.967.293;184.24.68.42;10.1.1.10;443;32146;TCP;.AP..F;2;117
11/01/13 07:48;01/03/13 23:51;4.294.967.181;10.1.1.26;200.19.73.101;38049;636;TCP;.AP.SF;17;2175
11/01/13 07:48;01/03/13 23:51;4.294.967.181;200.19.73.101;10.1.1.26;636;38049;TCP;.AP.SF;16;4005
11/01/13 07:48;01/03/13 23:51;4.294.967.293;10.1.1.10;184.24.68.42;11649;443;TCP;.A....;1;46
11/01/13 07:48;01/03/13 23:51;4.294.967.293;184.24.68.42;10.1.1.10;443;11649;TCP;.AP..F;2;117
11/01/13 07:48;01/03/13 23:51;4.294.967.264;10.1.1.10;177.21.244.27;36472;80;TCP;.A..SF;4;186
11/01/13 07:48;01/03/13 23:51;4.294.967.264;177.21.244.27;10.1.1.10;80;36472;TCP;.A..SF;2;88
11/01/13 07:48;01/03/13 23:51;4.294.967.145;10.1.1.10;177.21.244.27;65405;80;TCP;.A..SF;4;186
11/01/13 07:48;01/03/13 23:51;4.294.967.145;177.21.244.27;10.1.1.10;80;65405;TCP;.A..SF;3;128
01/03/13 23:51;01/03/13 23:51;0.000;10.1.1.10;200.19.73.231;29720;12223;UDP;......;1;75
11/01/13 07:48;01/03/13 23:51;4.294.967.267;10.1.1.10;177.21.244.27;16914;80;TCP;.A..SF;4;186
11/01/13 07:48;01/03/13 23:51;4.294.967.267;177.21.244.27;10.1.1.10;80;16914;TCP;.A..SF;2;88
11/01/13 07:51;01/03/13 23:54;4.294.967.254;10.1.1.10;177.21.244.27;51934;80;TCP;.A..SF;5;232
11/01/13 07:51;01/03/13 23:54;4.294.967.254;177.21.244.27;10.1.1.10;80;51934;TCP;.A.RSF;4;168
11/01/13 07:48;01/03/13 23:51;4.294.954.641;10.1.1.15;177.3.68.5;8080;51664;TCP;.AP.SF;10;8862
11/01/13 07:48;01/03/13 23:51;4.294.954.641;177.3.68.5;10.1.1.15;51664;8080;TCP;.AP.SF;8;900
11/01/13 07:48;01/03/13 23:51;4.294.967.267;10.1.1.10;177.21.244.27;28003;80;TCP;.A..SF;4;186
11/01/13 07:48;01/03/13 23:51;4.294.967.267;177.21.244.27;10.1.1.10;80;28003;TCP;.A..SF;2;88
11/01/13 07:48;01/03/13 23:51;4.294.967.267;10.1.1.10;177.21.244.27;15193;80;TCP;.A..SF;4;186
11/01/13 07:48;01/03/13 23:51;4.294.967.267;177.21.244.27;10.1.1.10;80;15193;TCP;.A..SF;3;128
11/01/13 07:48;01/03/13 23:51;4.294.967.266;10.1.1.10;177.21.244.27;21574;80;TCP;.A..SF;4;186
11/01/13 07:48;01/03/13 23:51;4.294.967.266;177.21.244.27;10.1.1.10;80;21574;TCP;.A..SF;2;88
11/01/13 07:48;01/03/13 23:51;4.294.967.295;10.1.1.26;200.19.73.110;161;33099;UDP;......;1;83
11/01/13 07:48;01/03/13 23:51;4.294.967.295;200.19.73.110;10.1.1.26;33099;161;UDP;......;1;73
11/01/13 07:53;01/03/13 23:51;4.294.689.173;10.1.1.10;199.47.218.149;42084;80;TCP;.AP...;6;1932
11/01/13 07:53;01/03/13 23:51;4.294.689.173;199.47.218.149;10.1.1.10;80;42084;TCP;.AP...;12;1554
11/01/13 07:48;01/03/13 23:51;4.294.967.265;10.1.1.10;177.21.244.27;55122;80;TCP;.A..SF;4;186
11/01/13 07:48;01/03/13 23:51;4.294.967.265;177.21.244.27;10.1.1.10;80;55122;TCP;.A..SF;3;128
11/01/13 07:49;01/03/13 23:51;4.294.967.266;10.1.1.10;177.21.244.27;31914;80;TCP;.A..SF;4;186
11/01/13 07:49;01/03/13 23:51;4.294.967.266;177.21.244.27;10.1.1.10;80;31914;TCP;.A..SF;2;88
11/01/13 07:49;01/03/13 23:51;4.294.967.269;10.1.1.10;177.21.244.27;20958;80;TCP;.A..SF;4;186
11/01/13 07:49;01/03/13 23:51;4.294.967.269;177.21.244.27;10.1.1.10;80;20958;TCP;.A..SF;2;88
11/01/13 07:52;01/03/13 23:54;4.294.966.558;10.1.1.22;202.46.55.26;80;19006;TCP;.AP.SF;6;5483
11/01/13 07:52;01/03/13 23:54;4.294.966.558;202.46.55.26;10.1.1.22;19006;80;TCP;.APRS.;8;493
11/01/13 07:49;01/03/13 23:51;4.294.967.268;10.1.1.10;177.21.244.27;60796;80;TCP;.A..SF;4;186
11/01/13 07:49;01/03/13 23:51;4.294.967.268;177.21.244.27;10.1.1.10;80;60796;TCP;.A..SF;2;88
11/01/13 07:54;01/03/13 23:52;4.294.656.365;10.1.1.121;200.20.186.76;3670;123;UDP;......;3;228
11/01/13 07:54;01/03/13 23:52;4.294.656.365;200.20.186.76;10.1.1.121;123;3670;UDP;......;3;228
11/01/13 07:54;01/03/13 23:52;4.294.666.947;10.1.1.10;200.134.31.2;53068;5060;UDP;......;11;3597
11/01/13 07:54;01/03/13 23:52;4.294.666.947;200.134.31.2;10.1.1.10;5060;53068;UDP;......;11;3388
11/01/13 07:49;01/03/13 23:52;4.294.967.265;10.1.1.10;177.21.244.27;5998;80;TCP;.A..SF;4;186
11/01/13 07:49;01/03/13 23:52;4.294.967.265;177.21.244.27;10.1.1.10;80;5998;TCP;.A..SF;3;128
01/03/13 23:52;01/03/13 23:52;0.000;10.1.1.1;10.1.1.111;67;68;UDP;......;1;328
01/03/13 23:52;01/03/13 23:52;0.000;10.1.1.111;10.1.1.1;68;67;UDP;......;1;328
11/01/13 07:49;01/03/13 23:52;4.294.967.267;10.1.1.10;177.21.244.27;51335;80;TCP;.A..SF;4;186
11/01/13 07:49;01/03/13 23:52;4.294.967.267;177.21.244.27;10.1.1.10;80;51335;TCP;.A..SF;2;88
11/01/13 07:49;01/03/13 23:52;4.294.967.148;10.1.1.10;177.21.244.27;54547;80;TCP;.A..SF;4;186
11/01/13 07:49;01/03/13 23:52;4.294.967.148;177.21.244.27;10.1.1.10;80;54547;TCP;.A..SF;2;88
11/01/13 07:52;01/03/13 23:55;4.294.967.253;10.1.1.10;177.126.184.50;43549;443;TCP;.A..SF;3;144
11/01/13 07:52;01/03/13 23:55;4.294.967.253;177.126.184.50;10.1.1.10;443;43549;TCP;.A.RS.;2;88
11/01/13 07:49;01/03/13 23:52;4.294.967.268;10.1.1.10;177.21.244.27;26629;80;TCP;.A..SF;4;186
11/01/13 07:49;01/03/13 23:52;4.294.967.268;177.21.244.27;10.1.1.10;80;26629;TCP;.A..SF;3;128
11/01/13 07:49;01/03/13 23:52;4.294.967.268;10.1.1.10;177.21.244.27;56968;80;TCP;.A..SF;4;186
11/01/13 07:49;01/03/13 23:52;4.294.967.268;177.21.244.27;10.1.1.10;80;56968;TCP;.A..SF;2;88
11/01/13 07:49;01/03/13 23:52;4.294.967.268;10.1.1.10;177.21.244.27;6285;80;TCP;.A..SF;4;186
11/01/13 07:49;01/03/13 23:52;4.294.967.268;177.21.244.27;10.1.1.10;80;6285;TCP;.A..SF;2;88
11/01/13 07:49;01/03/13 23:52;4.294.967.073;10.1.1.10;193.108.88.194;41162;53;UDP;......;1;68
11/01/13 07:49;01/03/13 23:52;4.294.967.073;193.108.88.194;10.1.1.10;53;41162;UDP;......;1;84
11/01/13 07:49;01/03/13 23:52;4.294.966.708;10.1.1.10;23.10.52.42;37650;443;TCP;.AP.S.;8;947
11/01/13 07:49;01/03/13 23:52;4.294.966.708;23.10.52.42;10.1.1.10;443;37650;TCP;.AP.S.;9;5912
11/01/13 07:49;01/03/13 23:52;4.294.967.264;10.1.1.10;177.21.244.27;21839;80;TCP;.A..SF;4;186
11/01/13 07:49;01/03/13 23:52;4.294.967.264;177.21.244.27;10.1.1.10;80;21839;TCP;.A..SF;2;88
11/01/13 07:49;01/03/13 23:52;4.294.967.267;10.1.1.10;177.21.244.27;15399;80;TCP;.A..SF;4;186
11/01/13 07:49;01/03/13 23:52;4.294.967.267;177.21.244.27;10.1.1.10;80;15399;TCP;.A..SF;3;128
11/01/13 07:52;01/03/13 23:55;4.294.956.295;10.1.1.15;77.232.128.123;8080;50573;TCP;.A..S.;2;98
11/01/13 07:52;01/03/13 23:55;4.294.956.295;77.232.128.123;10.1.1.15;50573;8080;TCP;.APRS.;4;375
11/01/13 07:49;01/03/13 23:52;4.294.967.146;10.1.1.10;177.21.244.27;62604;80;TCP;.A..SF;4;186
11/01/13 07:49;01/03/13 23:52;4.294.967.146;177.21.244.27;10.1.1.10;80;62604;TCP;.A..SF;2;88
01/03/13 23:52;01/03/13 23:52;0.000;10.1.1.10;200.19.73.231;56590;5247;UDP;......;1;154
11/01/13 07:49;01/03/13 23:52;4.294.967.267;10.1.1.10;177.21.244.27;31750;80;TCP;.A..SF;4;186
11/01/13 07:49;01/03/13 23:52;4.294.967.267;177.21.244.27;10.1.1.10;80;31750;TCP;.A..SF;3;128
11/01/13 07:50;01/03/13 23:52;4.294.930.827;10.1.1.10;200.19.73.231;48264;5247;UDP;......;2;800
11/01/13 07:49;01/03/13 23:52;4.294.967.267;10.1.1.10;177.21.244.27;45254;80;TCP;.A..SF;4;186
11/01/13 07:49;01/03/13 23:52;4.294.967.267;177.21.244.27;10.1.1.10;80;45254;TCP;.A..SF;2;88
11/01/13 07:49;01/03/13 23:52;4.294.967.268;10.1.1.10;177.21.244.27;5369;80;TCP;.A..SF;4;186
11/01/13 07:49;01/03/13 23:52;4.294.967.268;177.21.244.27;10.1.1.10;80;5369;TCP;.A..SF;2;88
11/01/13 07:49;01/03/13 23:52;4.294.967.266;10.1.1.10;177.21.244.27;12477;80;TCP;.A..SF;4;186
11/01/13 07:49;01/03/13 23:52;4.294.967.266;177.21.244.27;10.1.1.10;80;12477;TCP;.A..SF;3;128
11/01/13 07:49;01/03/13 23:52;4.294.967.265;10.1.1.10;177.21.244.27;4362;80;TCP;.A..SF;4;186
11/01/13 07:49;01/03/13 23:52;4.294.967.265;177.21.244.27;10.1.1.10;80;4362;TCP;.A..SF;3;128
11/01/13 07:52;01/03/13 23:55;4.294.956.899;10.1.1.15;187.171.168.51;8080;61132;TCP;.AP.SF;4;663
11/01/13 07:52;01/03/13 23:55;4.294.956.899;187.171.168.51;10.1.1.15;61132;8080;TCP;.APRSF;5;789
11/01/13 07:52;01/03/13 23:55;4.294.966.583;10.1.1.22;119.63.193.130;80;29006;TCP;.AP.SF;6;5483
11/01/13 07:52;01/03/13 23:55;4.294.966.583;119.63.193.130;10.1.1.22;29006;80;TCP;.APRS.;8;493
11/01/13 07:49;01/03/13 23:52;4.294.967.151;10.1.1.10;177.21.244.27;10497;80;TCP;.A..SF;4;186
11/01/13 07:49;01/03/13 23:52;4.294.967.151;177.21.244.27;10.1.1.10;80;10497;TCP;.A..SF;2;88
11/01/13 07:49;01/03/13 23:52;4.294.967.266;10.1.1.10;177.21.244.27;57472;80;TCP;.A..SF;4;186
11/01/13 07:49;01/03/13 23:52;4.294.967.266;177.21.244.27;10.1.1.10;80;57472;TCP;.A..SF;3;128
11/01/13 07:49;01/03/13 23:52;4.294.967.268;10.1.1.10;177.21.244.27;23140;80;TCP;.A..SF;4;186
11/01/13 07:49;01/03/13 23:52;4.294.967.268;177.21.244.27;10.1.1.10;80;23140;TCP;.A..SF;2;88
11/01/13 07:49;01/03/13 23:52;4.294.967.267;10.1.1.10;177.21.244.27;8805;80;TCP;.A..SF;4;186
11/01/13 07:49;01/03/13 23:52;4.294.967.267;177.21.244.27;10.1.1.10;80;8805;TCP;.A..SF;3;128
11/01/13 07:49;01/03/13 23:52;4.294.967.266;10.1.1.10;177.21.244.27;31730;80;TCP;.A..SF;4;186
11/01/13 07:49;01/03/13 23:52;4.294.967.266;177.21.244.27;10.1.1.10;80;31730;TCP;.A..SF;2;88
11/01/13 07:49;01/03/13 23:52;4.294.967.294;10.1.1.10;23.44.84.42;59135;443;TCP;.A....;1;46
11/01/13 07:49;01/03/13 23:52;4.294.967.294;23.44.84.42;10.1.1.10;443;59135;TCP;.AP..F;2;117
11/01/13 07:49;01/03/13 23:52;4.294.967.267;10.1.1.10;177.21.244.27;40164;80;TCP;.A..SF;4;186
11/01/13 07:49;01/03/13 23:52;4.294.967.267;177.21.244.27;10.1.1.10;80;40164;TCP;.A..SF;2;88
11/01/13 07:49;01/03/13 23:52;4.294.966.851;10.1.1.26;200.19.73.110;161;47759;UDP;......;31;10299
11/01/13 07:49;01/03/13 23:52;4.294.966.851;200.19.73.110;10.1.1.26;47759;161;UDP;......;31;7197
01/03/13 23:52;01/03/13 23:52;0.000;10.1.1.26;200.19.73.110;161;35054;UDP;......;1;77
01/03/13 23:52;01/03/13 23:52;0.000;200.19.73.110;10.1.1.26;35054;161;UDP;......;1;76
11/01/13 07:49;01/03/13 23:52;4.294.967.141;10.1.1.10;177.21.244.27;10410;80;TCP;.A..SF;4;186
11/01/13 07:49;01/03/13 23:52;4.294.967.141;177.21.244.27;10.1.1.10;80;10410;TCP;.A..SF;2;88
11/01/13 07:49;01/03/13 23:52;4.294.967.265;10.1.1.10;177.21.244.27;12343;80;TCP;.A..SF;4;186
11/01/13 07:49;01/03/13 23:52;4.294.967.265;177.21.244.27;10.1.1.10;80;12343;TCP;.A..SF;3;128
11/01/13 07:53;01/03/13 23:52;4.294.748.945;10.1.1.10;200.20.186.76;16654;123;UDP;......;2;152
11/01/13 07:53;01/03/13 23:52;4.294.748.945;200.20.186.76;10.1.1.10;123;16654;UDP;......;2;152
11/01/13 07:49;01/03/13 23:52;4.294.967.267;10.1.1.10;177.21.244.27;58118;80;TCP;.A..SF;4;186
11/01/13 07:49;01/03/13 23:52;4.294.967.267;177.21.244.27;10.1.1.10;80;58118;TCP;.A..SF;3;128
11/01/13 07:50;01/03/13 23:52;4.294.967.267;10.1.1.10;177.21.244.27;25148;80;TCP;.A..SF;4;186
11/01/13 07:50;01/03/13 23:52;4.294.967.267;177.21.244.27;10.1.1.10;80;25148;TCP;.A..SF;2;88
11/01/13 07:50;01/03/13 23:52;4.294.967.266;10.1.1.10;177.21.244.27;46921;80;TCP;.A..SF;4;186
11/01/13 07:50;01/03/13 23:52;4.294.967.266;177.21.244.27;10.1.1.10;80;46921;TCP;.A..SF;2;88
11/01/13 07:50;01/03/13 23:52;4.294.949.584;10.1.1.15;187.59.48.42;8080;56932;TCP;.AP.SF;19;19943
11/01/13 07:50;01/03/13 23:52;4.294.949.584;187.59.48.42;10.1.1.15;56932;8080;TCP;.AP.SF;15;1889
11/01/13 07:50;01/03/13 23:52;4.294.948.541;10.1.1.15;187.59.48.42;8080;56934;TCP;.A..SF;3;172
11/01/13 07:50;01/03/13 23:52;4.294.948.541;187.59.48.42;10.1.1.15;56934;8080;TCP;.A..SF;5;280
11/01/13 07:50;01/03/13 23:52;4.294.967.265;10.1.1.10;177.21.244.27;12720;80;TCP;.A..SF;4;186
11/01/13 07:50;01/03/13 23:52;4.294.967.265;177.21.244.27;10.1.1.10;80;12720;TCP;.A..SF;3;128
11/01/13 07:50;01/03/13 23:52;4.294.966.649;10.1.1.15;83.40.114.1;8080;63941;TCP;.AP.SF;5;795
11/01/13 07:50;01/03/13 23:52;4.294.966.649;83.40.114.1;10.1.1.15;63941;8080;TCP;.AP.SF;5;740
11/01/13 07:50;01/03/13 23:52;4.294.967.140;10.1.1.10;177.21.244.27;14567;80;TCP;.A..SF;4;186
11/01/13 07:50;01/03/13 23:52;4.294.967.140;177.21.244.27;10.1.1.10;80;14567;TCP;.A..SF;2;88
11/01/13 07:50;01/03/13 23:52;4.294.967.267;10.1.1.10;177.21.244.27;1596;80;TCP;.A..SF;4;186
11/01/13 07:50;01/03/13 23:52;4.294.967.267;177.21.244.27;10.1.1.10;80;1596;TCP;.A..SF;2;88
11/01/13 07:53;01/03/13 23:55;4.294.959.174;10.1.1.15;197.241.135.153;8080;54410;TCP;.AP.SF;5;715
11/01/13 07:53;01/03/13 23:55;4.294.959.174;197.241.135.153;10.1.1.15;54410;8080;TCP;.APRSF;6;527
11/01/13 07:50;01/03/13 23:52;4.294.967.268;10.1.1.10;177.21.244.27;45052;80;TCP;.A..SF;4;186
11/01/13 07:50;01/03/13 23:52;4.294.967.268;177.21.244.27;10.1.1.10;80;45052;TCP;.A..SF;3;128
11/01/13 07:50;01/03/13 23:52;4.294.967.268;10.1.1.10;177.21.244.27;23541;80;TCP;.A..SF;4;186
11/01/13 07:50;01/03/13 23:52;4.294.967.268;177.21.244.27;10.1.1.10;80;23541;TCP;.A..SF;2;88
11/01/13 07:56;01/03/13 23:53;4.294.637.100;10.1.1.10;173.194.34.117;30459;443;TCP;.AP.SF;26;6576
11/01/13 07:56;01/03/13 23:53;4.294.637.100;173.194.34.117;10.1.1.10;443;30459;TCP;.AP.SF;32;6267
01/03/13 23:53;01/03/13 23:53;0.000;10.1.1.10;200.19.73.231;33348;12223;UDP;......;1;75
11/01/13 07:50;01/03/13 23:53;4.294.967.267;10.1.1.10;177.21.244.27;4440;80;TCP;.A..SF;4;186
11/01/13 07:50;01/03/13 23:53;4.294.967.267;177.21.244.27;10.1.1.10;80;4440;TCP;.A..SF;2;88
11/01/13 07:50;01/03/13 23:53;4.294.967.267;10.1.1.10;177.21.244.27;36475;80;TCP;.A..SF;4;186
11/01/13 07:50;01/03/13 23:53;4.294.967.267;177.21.244.27;10.1.1.10;80;36475;TCP;.A..SF;3;128
11/01/13 07:50;01/03/13 23:53;4.294.955.703;10.1.1.15;197.241.135.153;8080;53166;TCP;.A..SF;4;196
11/01/13 07:50;01/03/13 23:53;4.294.955.703;197.241.135.153;10.1.1.15;53166;8080;TCP;.AP.SF;6;332
11/01/13 07:53;01/03/13 23:55;4.294.956.691;10.1.1.15;77.248.68.51;8080;53634;TCP;.AP.SF;4;663
11/01/13 07:53;01/03/13 23:55;4.294.956.691;77.248.68.51;10.1.1.15;53634;8080;TCP;.APRSF;5;521
01/03/13 23:53;01/03/13 23:53;0.000;10.1.1.10;200.19.73.231;56091;12223;UDP;......;1;75
11/01/13 07:50;01/03/13 23:53;4.294.967.147;10.1.1.10;177.21.244.27;8857;80;TCP;.A..SF;4;186
11/01/13 07:50;01/03/13 23:53;4.294.967.147;177.21.244.27;10.1.1.10;80;8857;TCP;.A..SF;2;88
11/01/13 07:50;01/03/13 23:53;4.294.966.722;10.1.1.15;187.171.168.51;8080;59458;TCP;.AP.SF;5;537
11/01/13 07:50;01/03/13 23:53;4.294.966.722;187.171.168.51;10.1.1.15;59458;8080;TCP;.AP.SF;5;433
11/01/13 07:50;01/03/13 23:53;4.294.946.937;10.1.1.15;190.150.169.199;8080;44218;TCP;.A..SF;3;144
11/01/13 07:50;01/03/13 23:53;4.294.946.937;190.150.169.199;10.1.1.15;44218;8080;TCP;.AP.SF;5;280
11/01/13 07:50;01/03/13 23:53;4.294.967.267;10.1.1.10;177.21.244.27;20008;80;TCP;.A..SF;4;186
11/01/13 07:50;01/03/13 23:53;4.294.967.267;177.21.244.27;10.1.1.10;80;20008;TCP;.A..SF;2;88
11/01/13 07:50;01/03/13 23:53;4.294.967.267;10.1.1.10;177.21.244.27;19868;80;TCP;.A..SF;4;186
11/01/13 07:50;01/03/13 23:53;4.294.967.267;177.21.244.27;10.1.1.10;80;19868;TCP;.A..SF;2;88
11/01/13 07:50;01/03/13 23:53;4.294.947.157;10.1.1.15;187.59.48.42;8080;56973;TCP;.A..SF;3;172
11/01/13 07:50;01/03/13 23:53;4.294.947.157;187.59.48.42;10.1.1.15;56973;8080;TCP;.A..SF;5;280
11/01/13 07:50;01/03/13 23:53;4.294.947.156;10.1.1.15;187.59.48.42;8080;56974;TCP;.A..SF;3;172
11/01/13 07:50;01/03/13 23:53;4.294.947.156;187.59.48.42;10.1.1.15;56974;8080;TCP;.A..SF;5;280
11/01/13 07:50;01/03/13 23:53;4.294.947.153;10.1.1.15;187.59.48.42;8080;56975;TCP;.A..SF;3;172
11/01/13 07:50;01/03/13 23:53;4.294.947.153;187.59.48.42;10.1.1.15;56975;8080;TCP;.A..SF;5;280
11/01/13 07:50;01/03/13 23:53;4.294.947.151;10.1.1.15;187.59.48.42;8080;56976;TCP;.A..SF;3;172
11/01/13 07:50;01/03/13 23:53;4.294.947.151;187.59.48.42;10.1.1.15;56976;8080;TCP;.A..SF;5;280
11/01/13 07:50;01/03/13 23:53;4.294.947.148;10.1.1.15;187.59.48.42;8080;56977;TCP;.A..SF;3;172
11/01/13 07:50;01/03/13 23:53;4.294.947.148;187.59.48.42;10.1.1.15;56977;8080;TCP;.A..SF;5;280
11/01/13 07:50;01/03/13 23:53;4.294.947.136;10.1.1.15;187.59.48.42;8080;56978;TCP;.A..SF;4;232
11/01/13 07:50;01/03/13 23:53;4.294.947.136;187.59.48.42;10.1.1.15;56978;8080;TCP;.A..SF;5;280
11/01/13 07:50;01/03/13 23:53;4.294.967.268;10.1.1.10;177.21.244.27;10097;80;TCP;.A..SF;4;186
11/01/13 07:50;01/03/13 23:53;4.294.967.268;177.21.244.27;10.1.1.10;80;10097;TCP;.A..SF;2;88
11/01/13 07:51;01/03/13 23:53;4.294.907.096;10.1.1.10;177.21.244.57;60443;80;TCP;.AP.SF;6;1264
11/01/13 07:51;01/03/13 23:53;4.294.907.096;177.21.244.57;10.1.1.10;80;60443;TCP;.AP.SF;6;1872
11/01/13 07:50;01/03/13 23:53;4.294.967.275;10.1.1.10;216.239.32.10;25702;53;UDP;......;1;77
11/01/13 07:50;01/03/13 23:53;4.294.967.275;216.239.32.10;10.1.1.10;53;25702;UDP;......;1;357
11/01/13 07:50;01/03/13 23:53;4.294.967.260;8.8.8.8;10.1.1.10;53;13205;UDP;......;1;357
11/01/13 07:50;01/03/13 23:53;4.294.967.260;10.1.1.10;8.8.8.8;13205;53;UDP;......;1;77
11/01/13 07:51;01/03/13 23:53;4.294.907.113;10.1.1.10;177.21.244.53;32821;80;TCP;.AP.SF;14;5098
11/01/13 07:51;01/03/13 23:53;4.294.907.113;177.21.244.53;10.1.1.10;80;32821;TCP;.AP.SF;14;12919
11/01/13 07:50;01/03/13 23:53;4.294.967.274;10.1.1.10;216.239.32.10;46224;53;UDP;......;1;77
11/01/13 07:50;01/03/13 23:53;4.294.967.274;216.239.32.10;10.1.1.10;53;46224;UDP;......;1;333
11/01/13 07:50;01/03/13 23:53;4.294.967.147;10.1.1.10;177.21.244.27;58537;80;TCP;.A..SF;4;186
11/01/13 07:50;01/03/13 23:53;4.294.967.147;177.21.244.27;10.1.1.10;80;58537;TCP;.A..SF;2;88
11/01/13 07:51;01/03/13 23:53;4.294.904.250;fe80::4d7:17d:acc0:b76b;ff02::1:2;546;547;UDP;......;7;1015
11/01/13 07:50;01/03/13 23:53;4.294.967.294;10.1.1.10;23.44.84.42;40206;443;TCP;.A....;1;46
11/01/13 07:50;01/03/13 23:53;4.294.967.294;23.44.84.42;10.1.1.10;443;40206;TCP;.AP..F;2;117
11/01/13 07:50;01/03/13 23:53;4.294.967.267;10.1.1.10;177.21.244.27;29145;80;TCP;.A..SF;4;186
11/01/13 07:50;01/03/13 23:53;4.294.967.267;177.21.244.27;10.1.1.10;80;29145;TCP;.A..SF;3;128
11/01/13 07:50;01/03/13 23:53;4.294.967.267;10.1.1.10;177.21.244.27;45022;80;TCP;.A..SF;4;186
11/01/13 07:50;01/03/13 23:53;4.294.967.267;177.21.244.27;10.1.1.10;80;45022;TCP;.A..SF;3;128
11/01/13 07:50;01/03/13 23:53;4.294.967.268;10.1.1.10;177.21.244.27;29180;80;TCP;.A..SF;4;186
11/01/13 07:50;01/03/13 23:53;4.294.967.268;177.21.244.27;10.1.1.10;80;29180;TCP;.A..SF;2;88
11/01/13 07:50;01/03/13 23:53;4.294.967.265;10.1.1.10;177.21.244.27;10916;80;TCP;.A..SF;4;186
11/01/13 07:50;01/03/13 23:53;4.294.967.265;177.21.244.27;10.1.1.10;80;10916;TCP;.A..SF;3;128
11/01/13 07:50;01/03/13 23:53;4.294.967.267;10.1.1.10;177.21.244.27;14790;80;TCP;.A..SF;4;186
11/01/13 07:50;01/03/13 23:53;4.294.967.267;177.21.244.27;10.1.1.10;80;14790;TCP;.A..SF;2;88
11/01/13 07:50;01/03/13 23:53;4.294.967.140;10.1.1.10;177.21.244.27;10835;80;TCP;.A..SF;4;186
11/01/13 07:50;01/03/13 23:53;4.294.967.140;177.21.244.27;10.1.1.10;80;10835;TCP;.A..SF;2;88
11/01/13 07:50;01/03/13 23:53;4.294.967.267;10.1.1.10;177.21.244.27;53972;80;TCP;.A..SF;4;186
11/01/13 07:50;01/03/13 23:53;4.294.967.267;177.21.244.27;10.1.1.10;80;53972;TCP;.A..SF;2;88
11/01/13 07:50;01/03/13 23:53;4.294.967.267;10.1.1.10;177.21.244.27;26066;80;TCP;.A..SF;4;186
11/01/13 07:50;01/03/13 23:53;4.294.967.267;177.21.244.27;10.1.1.10;80;26066;TCP;.A..SF;2;88
11/01/13 07:50;01/03/13 23:53;4.294.967.267;10.1.1.10;177.21.244.27;47131;80;TCP;.A..SF;4;186
11/01/13 07:50;01/03/13 23:53;4.294.967.267;177.21.244.27;10.1.1.10;80;47131;TCP;.A..SF;2;88
11/01/13 07:50;01/03/13 23:53;4.294.956.501;10.1.1.15;77.248.68.51;8080;53180;TCP;.A..SF;3;144
11/01/13 07:50;01/03/13 23:53;4.294.956.501;77.248.68.51;10.1.1.15;53180;8080;TCP;.AP.SF;5;280
11/01/13 07:50;01/03/13 23:53;4.294.967.265;10.1.1.10;177.21.244.27;31503;80;TCP;.A..SF;4;186
11/01/13 07:50;01/03/13 23:53;4.294.967.265;177.21.244.27;10.1.1.10;80;31503;TCP;.A..SF;3;128
11/01/13 07:50;01/03/13 23:53;4.294.967.266;10.1.1.10;177.21.244.27;19654;80;TCP;.A..SF;4;186
11/01/13 07:50;01/03/13 23:53;4.294.967.266;177.21.244.27;10.1.1.10;80;19654;TCP;.A..SF;3;128
11/01/13 07:50;01/03/13 23:53;4.294.967.141;10.1.1.10;177.21.244.27;16653;80;TCP;.A..SF;4;186
11/01/13 07:50;01/03/13 23:53;4.294.967.141;177.21.244.27;10.1.1.10;80;16653;TCP;.A..SF;3;128
11/01/13 07:50;01/03/13 23:53;4.294.967.275;10.1.1.1;10.1.1.121;53;60731;UDP;......;1;71
11/01/13 07:50;01/03/13 23:53;4.294.967.275;10.1.1.121;10.1.1.1;60731;53;UDP;......;1;71
11/01/13 07:50;01/03/13 23:53;4.294.967.275;8.8.8.8;10.1.1.10;53;56022;UDP;......;1;71
11/01/13 07:50;01/03/13 23:53;4.294.967.275;10.1.1.10;8.8.8.8;56022;53;UDP;......;1;71
11/01/13 07:50;01/03/13 23:53;4.294.967.276;10.1.1.1;10.1.1.121;53;31487;UDP;......;1;71
11/01/13 07:50;01/03/13 23:53;4.294.967.276;10.1.1.121;10.1.1.1;31487;53;UDP;......;1;71
11/01/13 07:50;01/03/13 23:53;4.294.967.275;8.8.8.8;10.1.1.10;53;44581;UDP;......;1;71
11/01/13 07:50;01/03/13 23:53;4.294.967.275;10.1.1.10;8.8.8.8;44581;53;UDP;......;1;71
11/01/13 07:51;01/03/13 23:53;4.294.943.139;10.1.1.15;187.59.48.42;8080;57022;TCP;.A..SF;4;232
11/01/13 07:51;01/03/13 23:53;4.294.943.139;187.59.48.42;10.1.1.15;57022;8080;TCP;.A..SF;5;280
11/01/13 07:50;01/03/13 23:53;4.294.967.266;10.1.1.10;177.21.244.27;21739;80;TCP;.A..SF;4;186
11/01/13 07:50;01/03/13 23:53;4.294.967.266;177.21.244.27;10.1.1.10;80;21739;TCP;.A..SF;3;128
11/01/13 07:50;01/03/13 23:53;4.294.967.247;10.1.1.29;200.199.205.149;123;123;UDP;......;1;76
11/01/13 07:50;01/03/13 23:53;4.294.967.247;200.199.205.149;10.1.1.29;123;123;UDP;......;1;76
11/01/13 07:50;01/03/13 23:53;4.294.967.268;10.1.1.10;177.21.244.27;49530;80;TCP;.A..SF;4;186
11/01/13 07:50;01/03/13 23:53;4.294.967.268;177.21.244.27;10.1.1.10;80;49530;TCP;.A..SF;2;88
11/01/13 07:50;01/03/13 23:53;4.294.967.268;10.1.1.10;177.21.244.27;48749;80;TCP;.A..SF;4;186
11/01/13 07:50;01/03/13 23:53;4.294.967.268;177.21.244.27;10.1.1.10;80;48749;TCP;.A..SF;2;88
11/01/13 07:50;01/03/13 23:53;4.294.967.267;10.1.1.10;177.21.244.27;45209;80;TCP;.A..SF;4;186
11/01/13 07:50;01/03/13 23:53;4.294.967.267;177.21.244.27;10.1.1.10;80;45209;TCP;.A..SF;3;128
11/01/13 07:51;01/03/13 23:53;4.294.930.360;10.1.1.10;200.19.73.231;64888;5247;UDP;......;3;940
11/01/13 07:51;01/03/13 23:53;4.294.967.267;10.1.1.10;177.21.244.27;40264;80;TCP;.A..SF;4;186
11/01/13 07:51;01/03/13 23:53;4.294.967.267;177.21.244.27;10.1.1.10;80;40264;TCP;.A..SF;2;88
11/01/13 07:51;01/03/13 23:53;4.294.967.145;10.1.1.10;177.21.244.27;55819;80;TCP;.A..SF;4;186
11/01/13 07:51;01/03/13 23:53;4.294.967.145;177.21.244.27;10.1.1.10;80;55819;TCP;.A..SF;2;88
11/01/13 07:51;01/03/13 23:53;4.294.921.982;10.1.1.10;200.19.73.231;11747;5247;UDP;......;2;359
11/01/13 07:51;01/03/13 23:53;4.294.967.267;10.1.1.10;177.21.244.27;10844;80;TCP;.A..SF;4;186
11/01/13 07:51;01/03/13 23:53;4.294.967.267;177.21.244.27;10.1.1.10;80;10844;TCP;.A..SF;2;88
11/01/13 07:52;01/03/13 23:53;4.294.903.453;10.1.1.10;173.194.34.118;38933;443;TCP;.AP..F;7;343
11/01/13 07:52;01/03/13 23:53;4.294.903.453;173.194.34.118;10.1.1.10;443;38933;TCP;.AP..F;9;1778
11/01/13 07:51;01/03/13 23:53;4.294.967.267;10.1.1.10;177.21.244.27;58932;80;TCP;.A..SF;4;186
11/01/13 07:51;01/03/13 23:53;4.294.967.267;177.21.244.27;10.1.1.10;80;58932;TCP;.A..SF;2;88
11/01/13 07:56;01/03/13 23:53;4.294.667.048;10.1.1.10;173.194.78.125;59831;5222;TCP;.AP...;12;893
11/01/13 07:56;01/03/13 23:53;4.294.667.048;173.194.78.125;10.1.1.10;5222;59831;TCP;.AP...;12;517
11/01/13 07:51;01/03/13 23:53;4.294.967.266;10.1.1.10;177.21.244.27;24896;80;TCP;.A..SF;4;186
11/01/13 07:51;01/03/13 23:53;4.294.967.266;177.21.244.27;10.1.1.10;80;24896;TCP;.A..SF;2;88
11/01/13 07:51;01/03/13 23:53;4.294.956.926;10.1.1.15;83.40.114.1;8080;64066;TCP;.A..SF;3;144
11/01/13 07:51;01/03/13 23:53;4.294.956.926;83.40.114.1;10.1.1.15;64066;8080;TCP;.AP.SF;5;280
11/01/13 07:51;01/03/13 23:53;4.294.967.266;10.1.1.10;177.21.244.27;42716;80;TCP;.A..SF;4;186
11/01/13 07:51;01/03/13 23:53;4.294.967.266;177.21.244.27;10.1.1.10;80;42716;TCP;.A..SF;2;88
11/01/13 07:51;01/03/13 23:53;4.294.967.277;10.1.1.11;200.160.7.186;7094;123;UDP;......;1;76
11/01/13 07:51;01/03/13 23:53;4.294.967.277;200.160.7.186;10.1.1.11;123;7094;UDP;......;1;76
11/01/13 07:51;01/03/13 23:54;4.294.967.267;10.1.1.10;177.21.244.27;57711;80;TCP;.A..SF;4;186
11/01/13 07:51;01/03/13 23:54;4.294.967.267;177.21.244.27;10.1.1.10;80;57711;TCP;.A..SF;3;128
Summary;;;;;;;;;;
flows;bytes;packets;avg_bps;avg_pps;avg_bpp;;;;;
493;607188;4129;1;0;147;;;;;